{"cameraMode":{"drawMode":0,"name":"Shaded","section":"Shading Mode"},"sceneLighting":false,"audioPlay":false,"sceneViewState":{"showFog":true,"showMaterialUpdate":false,"showSkybox":false,"showFlares":true,"showImageEffects":true,"showParticleSystems":true},"in2DMode":false,"pivot":{"x":-0.5228624939918518,"y":0.2793269455432892,"z":0.03238880634307861},"rotation":{"x":-0.08530326932668686,"y":0.3232904374599457,"z":-0.029276974499225618,"w":-0.9420052766799927},"size":1.51320219039917,"orthographic":false}