{"cameraMode":{"drawMode":0,"name":"Shaded","section":"Shading Mode"},"sceneLighting":false,"audioPlay":false,"sceneViewState":{"showFog":true,"showMaterialUpdate":false,"showSkybox":false,"showFlares":true,"showImageEffects":true,"showParticleSystems":true},"in2DMode":false,"pivot":{"x":-0.09301809221506119,"y":0.24386067688465119,"z":-0.7895438075065613},"rotation":{"x":0.023645469918847085,"y":0.06054500862956047,"z":0.0014337102184072137,"w":-0.9978939890861511},"size":0.3873024582862854,"orthographic":false}